{
  "sensors": [
    "suction_pressure",
    "flow",
    "pump_speed",
    "pump_power",
    "vibration_rms",
    "bearing_temp",
    "process_temp",
    "valve_position"
  ],
  "regimeMeans": [
    [
      3.1010461980036514,
      50.02243948883498,
      1180.0674758136624,
      30.72658317399396,
      1.1269508372878256,
      40.801595487734225,
      65.68409664649872,
      28.016861385917014
    ],
    [
      3.0197913533007275,
      71.99515358331651,
      1460.3511310095248,
      41.08538193226075,
      1.7225214382710035,
      46.272080789798615,
      75.77530058192777,
      42.009961582544975
    ],
    [
      2.94014905927425,
      93.99143534733965,
      1739.4958752711723,
      51.43198000265073,
      2.3159247218380026,
      51.704941190890295,
      85.86070606193525,
      56.00687704327626
    ]
  ],
  "regimeStds": [
    [
      0.05024862619667722,
      1.4020186200589562,
      14.021397884257635,
      0.7749671939735192,
      0.06783618855707749,
      0.41294735218500295,
      0.44493157880354567,
      0.8079993911806317
    ],
    [
      0.04950419893767938,
      1.4369566636275877,
      14.04586967891321,
      0.7895486539132578,
      0.0675785155397337,
      0.4132325383150202,
      0.441296873199832,
      0.7997784109367122
    ],
    [
      0.04955564888569113,
      1.3943429327691583,
      13.925744112957885,
      0.7700501278437467,
      0.06861598805417188,
      0.4133253334888105,
      0.4436254986994464,
      0.8013804515840902
    ]
  ],
  "crossWeights": {
    "suction_pressure": [
      -0.013141,
      -0.014703,
      0.002313,
      0.004865,
      -0.00015,
      0.012571,
      0.00242,
      -0.0
    ],
    "flow": [
      -0.005423,
      -0.053889,
      0.768587,
      0.000866,
      -0.001981,
      -0.001825,
      0.000405,
      0.0
    ],
    "pump_speed": [
      -0.014546,
      -0.129192,
      0.157845,
      0.007398,
      0.002178,
      -0.000536,
      0.002187,
      0.0
    ],
    "pump_power": [
      0.000791,
      0.636931,
      0.054563,
      0.197518,
      0.001743,
      0.17871,
      -0.006418,
      -0.0
    ],
    "vibration_rms": [
      0.003611,
      0.001558,
      0.00555,
      0.428678,
      0.215934,
      0.00536,
      -0.003319,
      0.0
    ],
    "bearing_temp": [
      -0.000139,
      -0.004447,
      0.002039,
      0.004721,
      0.269469,
      0.009326,
      -0.004348,
      -0.0
    ],
    "process_temp": [
      0.010272,
      -0.003614,
      -0.000443,
      0.426958,
      0.005901,
      0.008226,
      0.005583,
      0.0
    ],
    "valve_position": [
      0.00242,
      0.000982,
      0.002211,
      -0.018766,
      -0.004471,
      -0.004694,
      0.006834,
      0.0
    ]
  },
  "healthBaseline": {
    "mean": 0.77812,
    "p95": 1.560562,
    "p99": 2.080817,
    "p999": 2.754419
  }
}